"Community Name","Total Abundance"
"Y_T1_n2",1985.99206365933
"Y_T1_n5",4561.6666169401
"Y_T1_n9",7184.90761786792
"R_T2_n4",36133.5096095702
"R_T2_n5",6013.87566516285
"R_T2_n8",17109.9918377259
"A_T2_n5",527468.074550439
"A_T2_n9",50494.0799367005
"Mi_T2_n10",531917.003215562
"Mi_T2_n2",134179.591404361
"Mi_T2_n4",40824.9178128336
"Ma_T2_n10",90664.0483372833
"Ma_T2_n3",351227.484193816
"Ma_T2_n5",363850.908661132
